{"cameraMode":{"drawMode":0,"name":"Shaded","section":"Shading Mode"},"sceneLighting":false,"audioPlay":false,"sceneViewState":{"showFog":true,"showMaterialUpdate":false,"showSkybox":false,"showFlares":true,"showImageEffects":true,"showParticleSystems":true},"in2DMode":false,"pivot":{"x":-0.6240510940551758,"y":1.9548077583312989,"z":-1.238612174987793},"rotation":{"x":-0.00011695703869918361,"y":0.9992352724075317,"z":-0.03898994252085686,"w":-0.002997739240527153},"size":9.483489990234375,"orthographic":false}