{"cameraMode":{"drawMode":0,"name":"Shaded","section":"Shading Mode"},"sceneLighting":true,"audioPlay":false,"sceneViewState":{"showFog":true,"showMaterialUpdate":false,"showSkybox":true,"showFlares":true,"showImageEffects":true,"showParticleSystems":true},"in2DMode":false,"pivot":{"x":-0.24473972618579865,"y":2.266420841217041,"z":-9.330078125},"rotation":{"x":0.003774290671572089,"y":0.9954655170440674,"z":-0.08381637185811997,"w":0.04482613876461983},"size":6.230173110961914,"orthographic":true}