{"cameraMode":{"drawMode":0,"name":"Shaded","section":"Shading Mode"},"sceneLighting":false,"audioPlay":false,"sceneViewState":{"showFog":true,"showMaterialUpdate":false,"showSkybox":false,"showFlares":true,"showImageEffects":true,"showParticleSystems":true},"in2DMode":false,"pivot":{"x":-0.0004898309707641602,"y":0.8945921659469605,"z":-0.033504992723464969},"rotation":{"x":-0.08703728765249253,"y":-0.9128824472427368,"z":0.2884002923965454,"w":-0.27550268173217776},"size":1.4279392957687379,"orthographic":false}